{"cameraMode":{"drawMode":0,"name":"Shaded","section":"Shading Mode"},"sceneLighting":true,"audioPlay":false,"sceneViewState":{"m_AlwaysRefresh":false,"showFog":true,"showSkybox":true,"showFlares":true,"showImageEffects":true,"showParticleSystems":true,"showVisualEffectGraphs":true,"m_FxEnabled":true},"in2DMode":false,"pivot":{"x":-0.3915814757347107,"y":1.4211182594299317,"z":-3.3400328159332277},"rotation":{"x":-0.0002720401680562645,"y":0.9983842968940735,"z":0.05665929242968559,"w":0.004793195053935051},"size":1.8194544315338135,"orthographic":false}